rowid,YEAR,GoogleKnowlege_Occupation,Show,Group,Raw_Guest_List
1,1999,actor,1/11/99,Acting,Michael J. Fox
2,1999,Comedian,1/12/99,Comedy,Sandra Bernhard
3,1999,television actress,1/13/99,Acting,Tracey Ullman
4,1999,film actress,1/14/99,Acting,Gillian Anderson
5,1999,actor,1/18/99,Acting,David Alan Grier
6,1999,actor,1/19/99,Acting,William Baldwin
7,1999,Singer-lyricist,1/20/99,Musician,Michael Stipe
8,1999,model,1/21/99,Media,Carmen Electra
9,1999,actor,1/25/99,Acting,Matthew Lillard
10,1999,stand-up comedian,1/26/99,Comedy,David Cross
11,1999,actress,1/27/99,Acting,Yasmine Bleeth
12,1999,actor,1/28/99,Acting,D. L. Hughley
13,1999,television actress,10/18/99,Acting,Rebecca Gayheart
14,1999,Comedian,10/19/99,Comedy,Steven Wright
15,1999,actress,10/20/99,Acting,Amy Brenneman
16,1999,actress,10/21/99,Acting,Melissa Gilbert
17,1999,actress,10/25/99,Acting,Cathy Moriarty
18,1999,comedian,10/26/99,Comedy,Louie Anderson
19,1999,actress,10/27/99,Acting,Sarah Michelle Gellar
20,1999,Singer-songwriter,10/28/99,Musician,Melanie C
21,1999,actor,10/4/99,Acting,Greg Proops
22,1999,television personality,10/5/99,Media,Maury Povich
23,1999,actress,10/6/99,Acting,Brooke Shields
24,1999,Comic,10/7/99,Comedy,Molly Shannon
25,1999,actor,11/1/99,Acting,Chris O'Donnell
26,1999,actress,11/15/99,Acting,Christina Ricci
27,1999,Singer-songwriter,11/16/99,Musician,Tori Amos
28,1999,actress,11/17/99,Acting,Yasmine Bleeth
29,1999,comedian,11/18/99,Comedy,Bill Maher
30,1999,actress,11/2/99,Acting,Jennifer Love Hewitt
31,1999,rock band,11/29/99,Musician,Goo Goo Dolls
32,1999,musician,11/3/99,Musician,Dave Grohl
33,1999,Film actor,11/30/99,Acting,Stephen Rea
34,1999,Model,11/4/99,Media,Roshumba Williams
35,1999,television actress,11/8/99,Acting,Kellie Martin
36,1999,actress,11/9/99,Acting,Kathy Griffin
37,1999,actress,12/1/99,Acting,Laura San Giacomo
38,1999,journalist,12/13/99,Media,Joan Lunden
39,1999,actress,12/14/99,Acting,Shannen Doherty
40,1999,,12/15/99,,Greatest Millennium Special
41,1999,comedian,12/16/99,Comedy,George Carlin
42,1999,actor,12/2/99,Acting,Michael Boatman
43,1999,actor,12/20/99,Acting,David Boreanaz
44,1999,singer-songwriter,12/21/99,Musician,Jewel
45,1999,actor,12/6/99,Acting,Paul Rudd
46,1999,us senator,12/7/99,Politician,"Senator Bob Dole, part 1"
47,1999,us senator,12/8/99,Politician,"Senator Bob Dole, part 2"
48,1999,actor,12/9/99,Acting,Rob Schneider
49,1999,comedian,2/1/99,Comedy,George Carlin
50,1999,actress,2/10/99,Acting,"Pamela Anderson, Natalie Raitano, Molly Culver"
51,1999,actress,2/10/99,Acting,"Pamela Anderson, Natalie Raitano, Molly Culver"
52,1999,actress,2/10/99,Acting,"Pamela Anderson, Natalie Raitano, Molly Culver"
53,1999,film actor,2/11/99,Acting,Daniel Stern
54,1999,actress,2/16/99,Acting,Melina Kanakaredes
55,1999,comedian,2/17/99,Comedy,Ed McMahon
56,1999,actor,2/18/99,Acting,Mike Judge
57,1999,actor,2/2/99,Acting,Dave Foley
58,1999,television actress,2/3/99,Acting,Kellie Martin
59,1999,actor,2/4/99,Acting,Jerry O'Connell
60,1999,actress,2/8/99,Acting,Melissa Gilbert
61,1999,actor,2/9/99,Acting,Brendan Fraser
62,1999,pianist,3/1/99,Musician,John Tesh
63,1999,Vocalist,3/10/99,Musician,Sammy Hagar
64,1999,rock band,3/11/99,Musician,"Hootie & the Blowfish, Billy Crystal"
65,1999,actor,3/11/99,Acting,"Hootie & the Blowfish, Billy Crystal"
66,1999,Film actor,3/15/99,Acting,Peter Krause
67,1999,musician,3/16/99,Musician,Chris Isaak
68,1999,writer,3/17/99,Media,"Frank DeCaro's Oscar Special, John Larroquette"
69,1999,actor,3/17/99,Acting,"Frank DeCaro's Oscar Special, John Larroquette"
70,1999,actor,3/18/99,Acting,Joseph Gordon-Levitt
71,1999,actor,3/2/99,Acting,Eric McCormack
72,1999,actress,3/22/99,Acting,Jennifer Grey
73,1999,Stand-up comedian,3/23/99,Comedy,Norm Macdonald
74,1999,actress,3/24/99,Acting,Sandra Bullock
75,1999,actress,3/25/99,Acting,Janine Turner
76,1999,Film director,3/29/99,Media,Ron Howard
77,1999,actress,3/3/99,Acting,Jeri Ryan
78,1999,actor,3/30/99,Acting,Omar Epps
79,1999,actress,3/31/99,Acting,Diane Lane
80,1999,actor,3/4/99,Acting,Ryan Phillippe
81,1999,actor,3/8/99,Acting,Ian McKellen
82,1999,actor,3/9/99,Acting,Jon Voight
83,1999,actor,4/1/99,Acting,Stephen Baldwin
84,1999,actor,4/12/99,Acting,Ernie Hudson
85,1999,film actor,4/13/99,Acting,Josh Charles
86,1999,actor,4/14/99,Acting,Jackie Chan
87,1999,actress,4/15/99,Acting,Marlee Matlin
88,1999,actress,4/19/99,Acting,Sharon Lawrence
89,1999,actor,4/20/99,Acting,Rob Estes
90,1999,actress,4/21/99,Acting,Angelina Jolie
91,1999,stand-up comedian,4/22/99,Comedy,David Spade
92,1999,actor,4/26/99,Acting,Seth Green
93,1999,actress,4/27/99,Acting,Sheryl Lee Ralph
94,1999,singer,4/28/99,Musician,Chris Robinson
95,1999,comedian,4/29/99,Comedy,Joy Behar
96,1999,actor,5/10/99,Acting,Thomas Gibson
97,1999,actress,5/11/99,Acting,Paula Cale
98,1999,actor,5/12/99,Acting,Ted Danson
99,1999,actor,5/13/99,Acting,Esai Morales
100,1999,actress,5/17/99,Acting,Jane Seymour
101,1999,Comedian,5/18/99,Comedy,Robert Schimmel
102,1999,actress,5/19/99,Acting,Camryn Manheim
103,1999,actor,5/20/99,Acting,Ray Romano
104,1999,television actress,5/24/99,Acting,Patricia Richardson
105,1999,actress,5/25/99,Acting,Suzanne Somers
106,1999,actress,5/26/99,Acting,Natalie Portman
107,1999,actor,5/27/99,Acting,Jamie Foxx
108,1999,actor,6/10/99,Acting,Timothy Hutton
109,1999,actor,6/14/99,Acting,Mike Myers
110,1999,actor,6/15/99,Acting,Rob Lowe
111,1999,actor,6/16/99,Acting,Mike Myers
112,1999,actress,6/17/99,Acting,Heather Graham
113,1999,film actress,6/21/99,Acting,Felicity Huffman
114,1999,television host,6/22/99,Media,Jimmy Kimmel
115,1999,actor,6/23/99,Acting,Adam Sandler
116,1999,Stand-up comedian,6/24/99,Comedy,Richard Belzer
117,1999,Comedian,6/28/99,Comedy,Margaret Cho
118,1999,actor,6/29/99,Acting,Scott Wolf
119,1999,actress,6/30/99,Acting,Roseanne Barr
120,1999,singer,6/7/99,Musician,Harry Connick Jr.
121,1999,comedian,6/8/99,Comedy,Caroline Rhea
122,1999,actor,6/9/99,Acting,Damon Wayans
123,1999,actor,7/1/99,Acting,Rob Schneider
124,1999,televison actor,7/12/99,Acting,Adam Arkin
125,1999,muppet,7/13/99,Media,Miss Piggy
126,1999,actor,7/14/99,Acting,John Leguizamo
127,1999,Stand-up comedian,7/15/99,Comedy,Robert Klein
128,1999,actress,7/19/99,Acting,Christa Miller
129,1999,stand-up comedian,7/20/99,Comedy,David Brenner
130,1999,,7/21/99,,Third Anniversary Special
131,1999,actress,7/22/99,Acting,Joely Fisher
132,1999,singer,7/26/99,Musician,Donny Osmond
133,1999,actress,7/27/99,Acting,Wendie Malick
134,1999,Vocalist,7/28/99,Musician,Vince Neil
135,1999,film actress,7/29/99,Acting,Janeane Garofalo
136,1999,comedian,8/10/99,Comedy,Dom Irrera
137,1999,actor,8/11/99,Acting,Pierce Brosnan
138,1999,director,8/12/99,Media,Eduardo Sanchez and Daniel Myrick
139,1999,film director,8/12/99,Media,Eduardo Sanchez and Daniel Myrick
140,1999,american television personality,8/16/99,Media,Carson Daly
141,1999,actress,8/17/99,Acting,Molly Ringwald
142,1999,actress,8/18/99,Acting,Sarah Jessica Parker
143,1999,actor,8/19/99,Acting,French Stewart
144,1999,actress,8/2/99,Acting,Bebe Neuwirth
145,1999,actress,8/23/99,Acting,Cheryl Ladd
146,1999,rapper,8/24/99,Musician,LL Cool J
147,1999,singer-songwriter,8/25/99,Musician,Dwight Yoakam
148,1999,actress,8/26/99,Acting,Nia Long
149,1999,actor,8/3/99,Acting,Garry Marshall
150,1999,,8/30/99,,The Daily Show Summer Spectacular
151,1999,actor,8/4/99,Acting,Denis Leary
152,1999,actor,8/5/99,Acting,Jeffrey Tambor
153,1999,actor,8/9/99,Acting,Dave Foley
154,1999,comedian,9/13/99,Comedy,Elayne Boosler
155,1999,actor,9/14/99,Acting,Tom Green
156,1999,actor,9/15/99,Acting,Jason Priestley
157,1999,stand-up comedian,9/16/99,Comedy,David Cross
158,1999,actor,9/20/99,Acting,Andy Richter
159,1999,singer,9/21/99,Musician,Donny Osmond Marie Osmond
160,1999,comedian,9/22/99,Comedy,Dave Chappelle
161,1999,actor,9/23/99,Acting,Steve Zahn
162,1999,Stand-up comedian,9/27/99,Comedy,Norm Macdonald
163,1999,actress,9/28/99,Acting,Melissa Joan Hart
164,1999,Comedian,9/29/99,Comedy,Richard Lewis
165,1999,actor,9/30/99,Acting,Bruce McCulloch and Mark McKinney
166,1999,comedian,9/30/99,Comedy,Bruce McCulloch and Mark McKinney
167,2000,football player,1/10/00,Athletics,Joe Montana
168,2000,actor,1/11/00,Acting,Will Ferrell
169,2000,rapper,1/12/00,Musician,Ice Cube
170,2000,Singer-lyricist,1/13/00,Musician,Michael Stipe
171,2000,actress,1/17/00,Acting,Penelope Ann Miller
172,2000,actor,1/18/00,Acting,Frankie Muniz
173,2000,actor,1/19/00,Acting,Freddie Prinze Jr.
174,2000,former mayor of cincinatti,1/20/00,Politician,Jerry Springer
175,2000,Film actress,1/24/00,Acting,Selma Blair
176,2000,Film actor,1/25/00,Acting,Peter Krause
177,2000,model,1/26/00,Media,Jenny McCarthy
178,2000,actor,1/27/00,Acting,David Arquette
179,2000,actress,1/4/00,Acting,Cynthia Nixon
180,2000,Singer-songwriter,1/5/00,Musician,Robbie Williams
181,2000,Stand-up comedian,1/6/00,Comedy,Richard Belzer
182,2000,singer-songwriter,10/16/00,Musician,Alice Cooper
183,2000,actor,10/17/00,Acting,Christian Slater
184,2000,actor,10/18/00,Acting,Joshua Jackson
185,2000,actor,10/19/00,Acting,Brendan Fraser
186,2000,actor,10/2/00,Acting,Dean Cain
187,2000,actor,10/23/00,Acting,Kevin James
188,2000,comedian,10/24/00,Comedy,Jeff Garlin
189,2000,businesswoman,10/25/00,Business,Posh Spice & Baby Spice
190,2000,singer,10/25/00,Musician,Posh Spice & Baby Spice
191,2000,actor,10/26/00,Acting,Steven Weber
192,2000,actor,10/3/00,Acting,Ashton Kutcher
193,2000,actress,10/30/00,Acting,Brett Butler
194,2000,journalist,10/31/00,Media,David Frost
195,2000,singer-songwriter,10/4/00,Musician,Jewel
196,2000,activist,10/5/00,Advocacy,Ralph Nader
197,2000,Media person,11/1/00,Media,Phil Donahue
198,2000,actor,11/13/00,Acting,Adam Sandler
199,2000,actress,11/14/00,Acting,Patricia Arquette
200,2000,actor,11/15/00,Acting,Adam Sandler
201,2000,actor,11/16/00,Acting,Rhys Ifans
202,2000,actor,11/2/00,Acting,Michael Richards
203,2000,,11/20/00,,Tales of Survival with Vance DeGeneres
204,2000,actor,11/27/00,Acting,John Goodman
205,2000,actress,11/28/00,Acting,Laura San Giacomo
206,2000,film actor,11/29/00,Acting,Billy Campbell
207,2000,actor,11/30/00,Acting,Anthony Clark
208,2000,former us senator,11/6/00,Politician,Arlen Specter
209,2000,american politician,11/7/00,Politician,Bob Dole
210,2000,Stand-up comedian,11/8/00,Comedy,Richard Belzer
211,2000,Filmmaker,11/9/00,Media,Michael Moore
212,2000,radio personality,12/11/00,Media,Ira Glass
213,2000,commentator,12/12/00,Media,Greta Van Susteren
214,2000,,12/13/00,,no guest
215,2000,Journalist,12/14/00,Media,Wolf Blitzer
216,2000,actress,12/18/00,Acting,Marla Sokoloff
217,2000,actress,12/19/00,Acting,Marisa Tomei
218,2000,actress,12/20/00,Acting,Jeri Ryan
219,2000,film actress,12/21/00,Acting,Gillian Anderson
220,2000,actor,12/4/00,Acting,Thomas Gibson
221,2000,actress,12/5/00,Acting,Faith Ford
222,2000,actor,12/6/00,Acting,Chris O'Donnell
223,2000,actor,12/7/00,Acting,Marlon Wayans
224,2000,actor,2/1/00,Acting,Jeff Bridges
225,2000,actor,2/1/00,Acting,Vin Diesel
226,2000,Singer-songwriter,2/14/00,Musician,Moby
227,2000,actor,2/15/00,Acting,Dennis Farina
228,2000,actor,2/16/00,Acting,Matthew Perry
229,2000,comedian,2/17/00,Comedy,Ed McMahon
230,2000,former senator from kansas,2/2/00,Politician,"Focus on New Hampshire Special, special guest Bob Dole"
231,2000,actor,2/22/00,Acting,Snoop Dogg
232,2000,actress,2/23/00,Acting,Charlize Theron
233,2000,actress,2/24/00,Acting,Rachael Leigh Cook
234,2000,actor,2/28/00,Acting,Forest Whitaker
235,2000,actor,2/3/00,Acting,Jason Priestly
236,2000,actor,3/1/00,Acting,Tobey Maguire
237,2000,stand-up comedian,3/13/00,Comedy,Eddie Izzard
238,2000,actress,3/14/00,Acting,Kim Delaney
239,2000,Journalist,3/15/00,Media,Wolf Blitzer
240,2000,comedian,3/16/00,Comedy,George Wallace
241,2000,comedian,3/2/00,Comedy,Ellen DeGeneres
242,2000,actor,3/20/00,Acting,Chris Meloni
243,2000,actress,3/21/00,Acting,Marla Sokoloff
244,2000,comedian,3/22/00,Comedy,Eric Idle
245,2000,film actress,3/23/00,Acting,Leelee Sobieski
246,2000,singer-songwriter,3/27/00,Musician,John Lydon
247,2000,actor,3/28/00,Acting,Joshua Jackson
248,2000,Reporter,3/29/00,Media,Sam Donaldson
249,2000,actor,3/30/00,Acting,Jimmy Smits
250,2000,actor,3/6/00,Acting,Neil Patrick Harris
251,2000,actor,3/7/00,Acting,Kevin Pollak
252,2000,american politician,3/8/00,Politician,Bob Dole
253,2000,comedian,3/9/00,Comedy,Garry Shandling
254,2000,Singer,4/10/00,Musician,Roger Daltrey
255,2000,writer,4/11/00,Media,Ben Stein
256,2000,Film actor,4/12/00,Acting,Patrick Stewart
257,2000,actor,4/13/00,Acting,David Alan Grier
258,2000,actor,4/17/00,Acting,Stanley Tucci
259,2000,actress,4/18/00,Acting,Samantha Mathis
260,2000,professional wrestler,4/19/00,Athletics,Diamond Dallas Page
261,2000,former us senator,4/20/00,Politician,Arlen Specter
262,2000,publisher,4/24/00,Media,Hugh Hefner and Bentley twins
263,2000,model,4/24/00,Media,Hugh Hefner and Bentley twins
264,2000,actress,4/25/00,Acting,Kirsten Dunst
265,2000,film actress,4/26/00,Acting,Jeanne Tripplehorn
266,2000,actor,4/27/00,Acting,Stephen Baldwin
267,2000,Film actress,5/1/00,Acting,S. Epatha Merkerson
268,2000,actor,5/10/00,Acting,Andy Richter
269,2000,actress,5/11/00,Acting,Betty White
270,2000,television actress,5/15/00,Acting,Tracey Ullman
271,2000,actor,5/16/00,Acting,Kyle MacLachlan
272,2000,actress,5/17/00,Acting,Jane Leeves
273,2000,actor,5/18/00,Acting,Michael Rapaport
274,2000,actor,5/2/00,Acting,Luke Wilson
275,2000,actress,5/3/00,Acting,Julie Warner
276,2000,actress,5/30/00,Acting,Laura Kightlinger
277,2000,actress,5/31/00,Acting,Thandie Newton
278,2000,actor,5/4/00,Acting,Eric Close
279,2000,actress,5/8/00,Acting,Wendie Malick
280,2000,actor,5/9/00,Acting,Jesse L. Martin
281,2000,reality show contestant,6/1/00,Media,Sonja Christopher
282,2000,actor,6/13/00,Acting,Mark Curry
283,2000,television host,6/14/00,Media,Jimmy Kimmel & Adam Carolla
284,2000,comedian,6/14/00,Comedy,Jimmy Kimmel & Adam Carolla
285,2000,actress,6/15/00,Acting,Julie Brown
286,2000,writer,6/19/00,Media,Heather Donahue
287,2000,former press secretary,6/20/00,Political Aide,Joe Lockhart
288,2000,actor,6/21/00,Acting,Freddie Prinze Jr.
289,2000,actress,6/22/00,Acting,Alicia Silverstone
290,2000,comic,6/26/00,Comedy,Cheri Oteri
291,2000,game show host,6/27/00,Media,Jeff Probst
292,2000,Guitarist,6/28/00,Musician,Richie Sambora
293,2000,actor,6/29/00,Acting,John C. Reilly
294,2000,magician,6/5/00,Media,Penn and Teller
295,2000,actress,6/6/00,Acting,Kelli Williams
296,2000,Filmmaker,6/7/00,Media,Michael Moore
297,2000,actress,7/10/00,Acting,Anna Paquin
298,2000,actor,7/11/00,Acting,J. K. Simmons
299,2000,actress,7/12/00,Acting,Famke Janssen
300,2000,actor,7/13/00,Acting,Billy Crudup
301,2000,actor,7/17/00,Acting,Shawn Wayans & Marlon Wayans
302,2000,actor,7/17/00,Acting,Shawn Wayans & Marlon Wayans
303,2000,actress,7/18/00,Acting,Halle Berry
304,2000,,7/19/00,,Fourth Anniversary Special
305,2000,television personality,7/20/00,Media,Al Roker
306,2000,actor,7/24/00,Acting,Peter Fonda
307,2000,writer,7/25/00,Media,Joe Eszterhas
308,2000,actress,7/26/00,Acting,Jennifer Beals
309,2000,,7/31/00,,"Campaign Trail to the Road to the White House Mo Rocca, Vance DeGeneres"
310,2000,american politician,8/1/00,Politician,Bob Dole
311,2000,former governor of nebraska,8/15/00,Politician,Bob Kerrey
312,2000,actor,8/16/00,Acting,William Baldwin
313,2000,american politician,8/18/00,Politician,Bob Dole
314,2000,Former U.S. Representative,8/2/00,Politician,Mary Bono
315,2000,actor,8/22/00,Acting,Jeremy Piven
316,2000,Musician,8/23/00,Musician,Slash
317,2000,actor,8/24/00,Acting,Vincent D'Onofrio
318,2000,american politician,8/3/00,Politician,Bob Dole
319,2000,Former United States Secretary of Labor,8/4/00,Politician,Robert Reich and Ben Stein
320,2000,writer,8/4/00,Media,Robert Reich and Ben Stein
321,2000,actor,9/11/00,Acting,Joe Mantegna
322,2000,actor,9/12/00,Acting,Eugene Levy
323,2000,boxer,9/13/00,Athletics,Lennox Lewis
324,2000,former us senator,9/14/00,Politician,Joe Lieberman
325,2000,actor,9/18/00,Acting,Ryan Phillippe
326,2000,actress,9/19/00,Acting,Jamie Lee Curtis
327,2000,rock band,9/20/00,Musician,Barenaked Ladies
328,2000,actor,9/21/00,Acting,Jamie Foxx
329,2000,comedian,9/25/00,Comedy,Jonathan Katz
330,2000,actor,9/26/00,Acting,Bill Goldberg
331,2000,actor,9/27/00,Acting,Sylvester Stallone
332,2000,actor,9/28/00,Acting,Tony Danza
333,2000,film actor,9/5/00,Acting,Donal Logue
334,2000,actor,9/6/00,Acting,Greg Kinnear
335,2000,Band,9/7/00,Musician,Spinal Tap
336,2001,singer,1/10/01,Musician,Vitamin C
337,2001,actress,1/11/01,Acting,Julia Stiles
338,2001,actor,1/15/01,Acting,Willem Dafoe
339,2001,actor,1/16/01,Acting,Tim Robbins
340,2001,Reporter,1/17/01,Media,Sam Donaldson
341,2001,actress,1/18/01,Acting,Lynn Whitfield
342,2001,television host,1/22/01,Media,Bill O'Reilly
343,2001,actor,1/23/01,Acting,Matthew McConaughey
344,2001,American football quarterback,1/24/01,Athletics,Terry Bradshaw
345,2001,actor,1/25/01,Acting,Topher Grace
346,2001,actor,1/29/01,Acting,David Boreanaz
347,2001,film actress,1/30/01,Acting,Dyan Cannon
348,2001,actor,1/31/01,Acting,James van der Beek
349,2001,Comedian,1/9/01,Comedy,Richard Lewis
350,2001,actor,10/1/01,Acting,Kelsey Grammer
351,2001,actor,10/10/01,Acting,Jeremy Piven
352,2001,journalist,10/11/01,Media,John Miller
353,2001,chef,10/15/01,Misc,Emeril Lagasse
354,2001,actress,10/16/01,Acting,Lorraine Bracco
355,2001,actor,10/17/01,Acting,Snoop Dogg
356,2001,journalist,10/18/01,Media,Fareed Zakaria
357,2001,actor,10/2/01,Acting,James Belushi
358,2001,Singer,10/22/01,Musician,Lance Bass
359,2001,journalist,10/23/01,Media,Don Dahler
360,2001,commentator,10/24/01,Media,Greta Van Susteren
361,2001,actor,10/25/01,Acting,Jeff Bridges
362,2001,professor,10/3/01,Academic,Stephen S. Morse
363,2001,actor,10/30/01,Acting,Rob Morrow
364,2001,Diplomat,10/31/01,Government,Richard Holbrooke
365,2001,actress,10/4/01,Acting,Kate Beckinsale
366,2001,actor,10/9/01,Acting,Owen Wilson
367,2001,actor,11/1/01,Acting,Kevin Spacey
368,2001,Journalist,11/12/01,Media,Steve Kroft
369,2001,television presenter,11/13/01,Media,Anne Robinson
370,2001,american television personality,11/14/01,Media,Carson Daly
371,2001,actor,11/15/01,Acting,John Stamos
372,2001,actor,11/26/01,Acting,Edward Burns
373,2001,Lawyer,11/27/01,Misc,Star Jones
374,2001,actress,11/28/01,Acting,Jennifer Garner
375,2001,journalist,11/29/01,Media,David Halberstam
376,2001,actor,11/5/01,Acting,Paul Rudd
377,2001,Political satirist,11/6/01,Media,P. J. O'Rourke
378,2001,white house sommunications director,11/7/01,Political Aide,George Stephanopoulos
379,2001,comedian,11/8/01,Comedy,Jennifer Saunders
380,2001,Comedian,12/10/01,Comedy,Stephen Colbert as Al Sharpton (Sharpton had been the scheduled guest)
381,2001,comedian,12/11/01,Comedy,Dave Gorman
382,2001,film actress,12/12/01,Acting,Janeane Garofalo
383,2001,television actress,12/13/01,Acting,Tracey Ullman
384,2001,actor,12/17/01,Acting,Elijah Wood
385,2001,Author,12/18/01,Media,Peggy Noonan
386,2001,actor,12/19/01,Acting,Gary Sinise
387,2001,actor,12/20/01,Acting,Jamie Foxx
388,2001,Professor,12/3/01,Academic,Nadine Strossen
389,2001,telvision personality,12/4/01,Media,John Edward
390,2001,actress,12/5/01,Acting,Marg Helgenberger
391,2001,actor,12/6/01,Acting,Ted Danson
392,2001,actor,2/1/01,Acting,Tim Blake Nelson
393,2001,musician,2/12/01,Musician,Dave Grohl
394,2001,muppet,2/13/01,Media,Kermit the Frog
395,2001,actress,2/14/01,Acting,Jessica Alba
396,2001,Comedian,2/15/01,Comedy,Wanda Sykes
397,2001,actor,2/20/01,Acting,Greg Germann
398,2001,comedian,2/21/01,Comedy,Chris Rock
399,2001,actress,2/22/01,Acting,Kelly Ripa
400,2001,actor,2/26/01,Acting,Ted Danson
401,2001,actor,2/27/01,Acting,Joe Pantoliano
402,2001,actress,2/28/01,Acting,Heather Locklear
403,2001,Former United States Deputy Secretary of State,3/1/01,Government,Warren Christopher
404,2001,actor,3/19/01,Acting,Chris Meloni
405,2001,actress,3/20/01,Acting,Mary Stuart Masterson
406,2001,news anchor,3/21/01,media,Jeff Varner
407,2001,actor,3/22/01,Acting,Denis Leary
408,2001,Columnist,3/26/01,Media,Richard Roeper
409,2001,Comedian,3/27/01,Comedy,Richard Lewis
410,2001,television actor,3/28/01,Acting,Mark Harmon
411,2001,actress,3/29/01,Acting,Jennifer Love Hewitt
412,2001,actor,3/5/01,Acting,Martin Short
413,2001,actor,3/6/01,Acting,Ed Burns
414,2001,model,3/7/01,Media,Carmen Electra
415,2001,actor,3/8/01,Acting,Javier Bardem
416,2001,sportscaster,4/10/01,Media,Bob Costas
417,2001,actor,4/11/01,Acting,Damon Wayans
418,2001,television actress,4/12/01,Acting,Brittany Daniel
419,2001,journalist,4/2/01,Media,Lisa Ling
420,2001,television producer,4/23/01,Media,Don Hewitt
421,2001,actress,4/24/01,Acting,Rachael Leigh Cook
422,2001,actor,4/25/01,Acting,Tom Green
423,2001,actor,4/26/01,Acting,Tom Cavanagh
424,2001,actress,4/3/01,Acting,Amy Sedaris
425,2001,actor,4/30/01,Acting,Eric McCormack
426,2001,actor,4/4/01,Acting,D.L. Hughley
427,2001,actor,4/5/01,Acting,Steven Weber
428,2001,actor,4/9/01,Acting,Paul Reubens
429,2001,actor,5/1/01,Acting,Dominic Chianese
430,2001,television actress,5/10/01,Acting,Patricia Richardson
431,2001,Film actress,5/14/01,Acting,Maura Tierney
432,2001,actress,5/15/01,Acting,Denise Quií±ones
433,2001,actor,5/16/01,Acting,Heath Ledger
434,2001,former mayor of cincinatti,5/17/01,Politician,Jerry Springer
435,2001,,5/2/01,,No guest
436,2001,actor,5/29/01,Acting,Richard Schiff
437,2001,actor,5/3/01,Acting,Robert Patrick
438,2001,film actor,5/30/01,Acting,Bradley Whitford
439,2001,actress,5/31/01,Acting,Leah Remini
440,2001,singer,5/7/01,Musician,Chris Robinson
441,2001,actor,5/8/01,Acting,James Van Der Beek
442,2001,Guitarist,5/9/01,Musician,Richie Sambora
443,2001,journalist,6/11/01,Media,Joe Queenan
444,2001,bass guitarist,6/12/01,Musician,Gene Simmons
445,2001,actor,6/13/01,Acting,David Duchovny
446,2001,journalist,6/14/01,Media,Jeff Greenfield
447,2001,actor,6/18/01,Acting,Martin Short
448,2001,actor,6/19/01,Acting,Michael Rapaport
449,2001,actor,6/20/01,Acting,Alec Baldwin
450,2001,Singer,6/21/01,Musician,Mí_a
451,2001,actor,6/25/01,Acting,Sam Robards
452,2001,stunt perfomrer,6/26/01,Acting,Johnny Knoxville
453,2001,film actor,6/27/01,Acting,Jet Li
454,2001,actress,6/28/01,Acting,Bridget Fonda
455,2001,comedian,6/4/01,Comedy,Jake Johannsen
456,2001,Stand-up comedian,6/5/01,Comedy,Richard Belzer
457,2001,television personality,6/6/01,Media,Al Roker
458,2001,stand-up comedian,6/7/01,Comedy,Bernie Mac
459,2001,Pop group,7/10/01,Musician,Spice Girls
460,2001,actor,7/11/01,Acting,James Woods
461,2001,actor,7/12/01,Acting,Vince Vaughn
462,2001,actor,7/16/01,Acting,Jon Favreau
463,2001,Journalist,7/17/01,Media,Maria Bartiromo
464,2001,actor,7/18/01,Acting,Edward Norton
465,2001,actor,7/19/01,Acting,Hank Azaria
466,2001,actor,7/23/01,Acting,Larry Miller
467,2001,actor,7/24/01,Acting,Paul Giamatti
468,2001,former us senator,7/25/01,Politician,Joe Lieberman
469,2001,us senator,7/26/01,Politician,John McCain
470,2001,actress,7/30/01,Acting,Jerri Manthey
471,2001,Film actor,7/31/01,Acting,Peter Krause
472,2001,actor,7/9/01,Acting,Sean Hayes
473,2001,actor,8/1/01,Acting,Jackie Chan
474,2001,writer,8/13/01,Media,David Rakoff
475,2001,actor,8/14/01,Acting,John Carpenter
476,2001,actor,8/15/01,Acting,Seth Green
477,2001,model,8/16/01,Media,Fabio
478,2001,film actress,8/2/01,Acting,Janeane Garofalo
479,2001,actor,8/20/01,Acting,Cuba Gooding Jr.
480,2001,actor,8/21/01,Acting,Griffin Dunne
481,2001,actor,8/22/01,Acting,Will Ferrell
482,2001,Screenwriter,8/23/01,Media,Kevin Smith
483,2001,actress,8/6/01,Acting,Andie MacDowell
484,2001,comedian,8/7/01,Comedy,Joe Rogan
485,2001,Model,8/8/01,Media,Tara Reid
486,2001,actor,8/9/01,Acting,Jason Biggs
487,2001,Rock band,9/10/01,Musician,They Might Be Giants
488,2001,guitarist,9/11/01,Musician,Dave Navarro
489,2001,essayist,9/24/01,Media,Frank Rich
490,2001,broadcaster,9/25/01,Media,Aaron Brown
491,2001,journalist,9/26/01,Media,Jeff Greenfield
492,2001,Rock duo,9/27/01,Musician,Tenacious D
493,2002,actor,1/10/02,Acting,Jack Black
494,2002,journalist,1/14/02,Media,Lesley Stahl
495,2002,actor,1/15/02,Acting,Ian McKellen
496,2002,actor,1/16/02,Acting,Colin Hanks
497,2002,actor,1/17/02,Acting,Jeremy Northam
498,2002,minister,1/21/02,Clergy,Al Sharpton
499,2002,actor,1/22/02,Acting,Anthony LaPaglia
500,2002,actor,1/23/02,Acting,Harold Ramis
501,2002,Journalist,1/24/02,Media,Sebastian Junger
502,2002,journalist,1/28/02,Media,Ron Insana
503,2002,novelist,1/29/02,Media,Elmore Leonard
504,2002,journalist,1/30/02,Media,John King
505,2002,actor,1/31/02,Acting,Jason Schwartzman
506,2002,actress,1/8/02,Acting,Anjelica Huston
507,2002,actor,1/9/02,Acting,Luke Wilson
508,2002,actor,10/1/02,Acting,Patrick Dempsey
509,2002,Host,10/10/02,Media,Oliver North
510,2002,,10/14/02,,Road to Washington Special
511,2002,news anchor,10/15/02,media,Judy Woodruff
512,2002,Comedian,10/16/02,Comedy,Richard Lewis
513,2002,actor,10/17/02,Acting,Greg Kinnear
514,2002,actor,10/2/02,Acting,David Schwimmer
515,2002,former american senator,10/28/02,Politician,John Edwards
516,2002,assistant secretary of defense,10/29/02,Government,Victoria Clarke
517,2002,actress,10/3/02,Acting,Rita Wilson
518,2002,Former Assistant to the President for Communications,10/30/02,Political Aide,Pat Buchanan
519,2002,Broadcaster,10/31/02,Media,Ted Koppel
520,2002,actor,10/7/02,Acting,Jake Gyllenhaal
521,2002,actress,10/8/02,Acting,Jill Hennessy
522,2002,Journalist,10/9/02,Media,Peter Jennings
523,2002,journalist,11/12/02,Media,Alexandra Pelosi
524,2002,actor,11/13/02,Acting,Kiefer Sutherland
525,2002,actor,11/14/02,Acting,Tom Arnold
526,2002,rapper,11/18/02,Musician,Ja Rule
527,2002,former us representativ,11/19/02,Politician,Harold Ford
528,2002,journalist,11/20/02,Media,Catherine Crier
529,2002,actor,11/21/02,Acting,Kevin James
530,2002,singer-songwriter,11/4/02,Musician,Christina Aguilera
531,2002,us senator,11/5/02,Politician,John McCain
532,2002,news anchor,11/6/02,media,Candy Crowley
533,2002,singer-songwriter,11/7/02,Musician,Jakob Dylan
534,2002,Journalist,12/10/02,Media,Tom Brokaw
535,2002,actress,12/11/02,Acting,Sandra Bullock
536,2002,actress,12/12/02,Acting,Anna Paquin
537,2002,us senator,12/16/02,Politician,Charles Schumer
538,2002,basketball player,12/17/02,Athletics,Charles Barkley
539,2002,actor,12/18/02,Acting,Edward Norton
540,2002,actor,12/19/02,Acting,John Cusack
541,2002,actor,12/2/02,Acting,Andy Richter
542,2002,editor,12/3/02,Media,Katrina vanden Heuvel
543,2002,stand-up comedian,12/4/02,Comedy,Colin Quinn
544,2002,actor,12/5/02,Acting,Rob Schneider
545,2002,former vice president,12/9/02,Politician,Al Gore
546,2002,actor,2/11/02,Acting,Scott Bakula
547,2002,television personality,2/12/02,Media,John Stossel
548,2002,activist,2/13/02,Advocacy,Ralph Nader
549,2002,actress,2/14/02,Acting,Rebecca Romijn
550,2002,actress,2/19/02,Acting,Jeri Ryan
551,2002,editor,2/20/02,Media,Bethany McLean
552,2002,Filmmaker,2/21/02,Media,Michael Moore
553,2002,Film director,2/4/02,Media,Ron Howard
554,2002,commentator,2/5/02,Media,Greta Van Susteren
555,2002,rapper,2/6/02,Musician,LL Cool J
556,2002,singer-songwriter,2/7/02,Musician,Barry Manilow
557,2002,actress,3/11/02,Acting,Bea Arthur
558,2002,actor,3/12/02,Acting,Denis Leary
559,2002,journalist,3/13/02,Media,Joe Klein
560,2002,television host,3/14/02,Media,Bill O'Reilly
561,2002,actor,3/18/02,Acting,Andy Richter
562,2002,us senator,3/19/02,Politician,John McCain
563,2002,actor,3/20/02,Acting,John Leguizamo
564,2002,actor,3/21/02,Acting,Aidan Quinn
565,2002,journalist,3/4/02,Media,David Remnick
566,2002,Comedian,3/5/02,Comedy,Richard Lewis
567,2002,actress,3/6/02,Acting,Milla Jovovich
568,2002,actor,3/7/02,Acting,Tom Arnold
569,2002,Journalist,4/1/02,Media,Paula Zahn
570,2002,actress,4/10/02,Acting,Patricia Arquette
571,2002,rock band,4/11/02,Musician,The Goo Goo Dolls
572,2002,actor,4/15/02,Acting,Samuel L. Jackson
573,2002,editor,4/16/02,Media,Lisa Beyer
574,2002,Model,4/17/02,Media,Tara Reid
575,2002,actor,4/18/02,Acting,Richard Dreyfuss
576,2002,journalist,4/2/02,Media,David Brock
577,2002,actor,4/22/02,Acting,Michael Clarke Duncan
578,2002,actor,4/23/02,Acting,Beau Bridges
579,2002,singer-songwriter,4/24/02,Musician,Elvis Costello
580,2002,journalist,4/25/02,Media,H.W. Crocker III
581,2002,editor,4/29/02,Media,Susan Caskie
582,2002,actor,4/3/02,Acting,Jon Favreau
583,2002,singer-songwriter,4/30/02,Musician,Alanis Morissette
584,2002,actress,4/4/02,Acting,Ashley Judd
585,2002,actor,4/8/02,Acting,Tony Danza
586,2002,news anchor,4/9/02,media,Judy Woodruff
587,2002,Broadcaster,5/1/02,Media,Robin Roberts
588,2002,Singer-songwriter,5/13/02,Musician,Moby
589,2002,actor,5/14/02,Acting,Liev Schreiber
590,2002,actor,5/15/02,Acting,Rupert Everett
591,2002,actress,5/16/02,Acting,Allison Janney
592,2002,actor,5/2/02,Acting,Willem Dafoe
593,2002,,5/23/02,,Matt Walsh Goes To Hawaii
594,2002,actor,5/6/02,Acting,Simon Baker
595,2002,Writer,5/7/02,Media,Mark Bowden
596,2002,actress,5/8/02,Acting,Diane Lane
597,2002,actor,5/9/02,Acting,David Boreanaz
598,2002,actor,6/11/02,Acting,Val Kilmer
599,2002,Former Mayor of New York City,6/12/02,Politician,Michael Bloomberg
600,2002,author,6/13/02,Media,Joseph Cirincione
601,2002,actor,6/17/02,Acting,Freddie Prinze Jr.
602,2002,actor,6/18/02,Acting,Christian Slater
603,2002,journalist,6/19/02,Media,Cynthia McFadden
604,2002,stand-up comedian,6/20/02,Comedy,David Cross Bob Odenkirk
605,2002,actor,6/20/02,Acting,David Cross Bob Odenkirk
606,2002,actor,6/24/02,Acting,Colin Farrell
607,2002,lawyer,6/25/02,Misc,David Scheffer
608,2002,actor,6/26/02,Acting,Paul Sorvino
609,2002,soccer player,6/27/02,Athletics,Clint Mathis
610,2002,actor,6/3/02,Acting,Colin Firth
611,2002,journalist,6/4/02,Media,Ashleigh Banfield
612,2002,actor,6/6/02,Acting,Charles Grodin
613,2002,rapper,7/10/02,Musician,Busta Rhymes
614,2002,television Personality,7/11/02,Media,Steve Irwin
615,2002,actor,7/15/02,Acting,John Ritter
616,2002,actress,7/16/02,Acting,Michelle Williams
617,2002,commentator,7/17/02,Media,Ann Coulter
618,2002,actress,7/18/02,Acting,Natasha Henstridge
619,2002,actor,7/22/02,Acting,Regis Philbin
620,2002,actor,7/23/02,Acting,Tim Blake Nelson
621,2002,actor,7/24/02,Acting,Steven Weber
622,2002,actor,7/25/02,Acting,Seth Green
623,2002,actress,7/29/02,Acting,Cynthia Nixon
624,2002,actor,7/30/02,Acting,Robert Wagner
625,2002,Comedian,7/31/02,Comedy,Martin Lawrence
626,2002,actor,7/8/02,Acting,Adam Sandler
627,2002,journalist,7/9/02,Media,John King
628,2002,actor,8/1/02,Acting,Mike Myers
629,2002,actor,8/12/02,Acting,Michael C. Hall
630,2002,Critic,8/13/02,Media,Scott Ritter
631,2002,actor,8/14/02,Acting,Kevin Nealon
632,2002,Journalist,8/15/02,Media,Rich Eisen
633,2002,actor,8/19/02,Acting,Denis Leary
634,2002,journalist,8/20/02,Media,Jim Lehrer
635,2002,actor,8/21/02,Acting,Robin Williams
636,2002,actor,8/22/02,Acting,Matthew Perry
637,2002,us senator,8/5/02,Politician,Charles Schumer
638,2002,actor,8/6/02,Acting,Antonio Banderas
639,2002,actor,8/7/02,Acting,Vin Diesel
640,2002,actor,8/8/02,Acting,Paul Rudd
641,2002,actor,9/10/02,Acting,Zach Braff
642,2002,Author,9/12/02,Media,Sarah Vowell
643,2002,journalist,9/16/02,Media,John Miller
644,2002,actor,9/17/02,Acting,Jason Lee
645,2002,actor,9/18/02,Acting,Damon Wayans
646,2002,actor,9/19/02,Acting,Djimon Hounsou
647,2002,actress,9/24/02,Acting,Kate Hudson
648,2002,white house sommunications director,9/25/02,Political Aide,George Stephanopoulos
649,2002,actress,9/26/02,Acting,Goldie Hawn
650,2002,actress,9/30/02,Acting,Bonnie Hunt
651,2002,actress,9/9/02,Acting,Lorraine Bracco
652,2003,actress,1/13/03,Acting,Kathy Bates
653,2003,Filmmaker,1/14/03,Media,Michael Moore
654,2003,comedian,1/15/03,Comedy,Dave Chappelle
655,2003,former us senator,1/16/03,Politician,Joseph Lieberman
656,2003,television host,1/20/03,Media,Merv Griffin
657,2003,television producer,1/21/03,Media,Simon Cowell
658,2003,actor,1/22/03,Acting,John C. Reilly
659,2003,television host,1/23/03,Media,Jimmy Kimmel
660,2003,actress,1/27/03,Acting,Rosie Perez
661,2003,actor,1/28/03,Acting,Sam Rockwell
662,2003,journalist,1/29/03,Media,Jeff Greenfield
663,2003,actor,1/30/03,Acting,Laurence Fishburne
664,2003,actress,1/7/03,Acting,Cameron Diaz
665,2003,actor,1/8/03,Acting,Ray Liotta
666,2003,actor,1/9/03,Acting,Philip Seymour Hoffman
667,2003,actress,10/1/03,Acting,Vivica A. Fox
668,2003,actor,10/2/03,Acting,Rob Lowe
669,2003,former national security advisio\r,10/20/03,Government,Henry Kissinger
670,2003,actress,10/21/03,Acting,Angelina Jolie
671,2003,Writer,10/22/03,Media,Walter Isaacson
672,2003,actor,10/23/03,Acting,Anthony Hopkins
673,2003,actor,10/27/03,Acting,Ted Danson
674,2003,Comedian,10/28/03,Comedy,Wanda Sykes
675,2003,Stand-up comedian,10/29/03,Comedy,Norm Macdonald
676,2003,Novelist,10/30/03,Media,Neal Pollack
677,2003,Filmmaker,10/6/03,Media,Michael Moore
678,2003,actor,10/7/03,Acting,Ronny Cox Marc Singer Robert Amstler Arianna Huffington
679,2003,us senator,10/8/03,Politician,Sen. Hillary Clinton
680,2003,actor,10/9/03,Acting,Tim Robbins
681,2003,actor,11/10/03,Acting,Will Ferrell
682,2003,actor,11/11/03,Acting,Peter Dinklage
683,2003,Rapper,11/12/03,Musician,Wyclef Jean
684,2003,actor,11/13/03,Acting,Brendan Fraser
685,2003,model,11/17/03,Media,Heidi Klum
686,2003,writer,11/18/03,Media,Bernard Goldberg
687,2003,actor,11/19/03,Acting,James Spader
688,2003,actor,11/20/03,Acting,Billy Bob Thornton
689,2003,,11/24/03,,Who are the Daily Show? Special
690,2003,actor,11/3/03,Acting,Kyle MacLachlan
691,2003,Historian,11/4/03,Academic,Michael Beschloss
692,2003,stand-up comedian,11/5/03,Comedy,Bob Newhart
693,2003,actor,11/6/03,Acting,Colin Firth
694,2003,actor,12/1/03,Acting,Adam Goldberg
695,2003,us senator,12/10/03,Politician,Sen. Zell Miller
696,2003,political figure,12/11/03,Politician,Gen. Wesley Clark
697,2003,actress,12/15/03,Acting,Maggie Gyllenhaal
698,2003,actor,12/16/03,Acting,Ben Affleck
699,2003,actress,12/17/03,Acting,Julia Stiles
700,2003,actress,12/18/03,Acting,Natalie Portman
701,2003,us senator,12/2/03,Politician,Sen. Tom Daschle
702,2003,radio host,12/3/03,Media,Alan Colmes
703,2003,radio host,12/3/03,Media,Sean Hannity
704,2003,actor,12/4/03,Acting,Alec Baldwin
705,2003,actress,12/8/03,Acting,Eva Mendes
706,2003,actor,12/9/03,Acting,Steve Buscemi
707,2003,journalist,2/10/03,Media,Joe Klein
708,2003,actress,2/11/03,Acting,Bebe Neuwirth
709,2003,actor,2/12/03,Acting,Michael Clarke Duncan
710,2003,actor,2/13/03,Acting,Ben Affleck
711,2003,Journalist,2/18/03,Media,Steve Kroft
712,2003,actor,2/19/03,Acting,Jeff Daniels
713,2003,actor,2/20/03,Acting,Luke Wilson
714,2003,pastor,2/3/03,Clergy,Doug Wilson
715,2003,actress,2/4/03,Acting,Kate Hudson
716,2003,author,2/5/03,Media,Arianna Huffington
717,2003,commentator,2/6/03,Media,David Frum
718,2003,correspondent,3/10/03,Media,Les Gelb
719,2003,stand-up comedian,3/11/03,Comedy,Colin Quinn
720,2003,former majority leader,3/12/03,Politician,Dick Gephardt
721,2003,actor,3/13/03,Acting,Tom Cavanagh
722,2003,historian,3/17/03,Academic,Eric Alterman
723,2003,actor,3/18/03,Acting,Jason Lee
724,2003,foreign policy expert,3/19/03,Academic,John Hulsman
725,2003,actor,3/20/03,Acting,Eddie Griffin
726,2003,editor,3/24/03,Media,Jim Kelly
727,2003,actress,3/25/03,Acting,Connie Nielsen
728,2003,Musician,3/26/03,Musician,Ringo Starr
729,2003,actress,3/27/03,Acting,Hilary Swank
730,2003,comedian,3/3/03,Comedy,Eric Idle
731,2003,comedian,3/31/03,Comedy,Chris Rock
732,2003,Writer,3/4/03,Media,Walter Isaacson
733,2003,actor,3/5/03,Acting,Adrien Brody
734,2003,stand-up comedian,3/6/03,Comedy,David Cross (show hosted by Stephen Colbert)
735,2003,writer,4/1/03,Media,Anthony Swofford
736,2003,stand-up comedian,4/10/03,Comedy,Dennis Miller
737,2003,actress,4/2/03,Acting,Kelly Preston
738,2003,Film actor,4/21/03,Acting,Patrick Stewart
739,2003,Film actress,4/22/03,Acting,Rachel Weisz
740,2003,Comedian,4/23/03,Comedy,Richard Lewis
741,2003,journalist,4/24/03,Media,Fareed Zakaria
742,2003,neurosurgeon,4/28/03,Science,Dr Sanjay Gupta
743,2003,actress,4/29/03,Acting,Julia Louis-Dreyfus
744,2003,actor,4/3/03,Acting,Colin Farrell
745,2003,actor,4/30/03,Acting,John Malkovich
746,2003,political psychologist,4/7/03,Consultant,Martha Burk
747,2003,actress,4/8/03,Acting,Susan Sarandon
748,2003,lawyer,4/9/03,Misc,Ambassador David Scheffer
749,2003,actress,5/1/03,Acting,Famke Janssen
750,2003,singer,5/12/03,Musician,Randy Jackson
751,2003,actor,5/13/03,Acting,Joshua Jackson
752,2003,historian,5/14/03,Academic,Diane Ravitch
753,2003,Journalist,5/15/03,Media,Michael Kinsley
754,2003,,5/26/03,,Iraq - A Look Baq (or how we learned to stop reporting and love the war)
755,2003,,5/26/03,,Iraq - A Look Baq (or how we learned to stop reporting and love the war)
756,2003,Commentator,5/27/03,Media,William Kristol
757,2003,journalist,5/28/03,Media,Lisa Ling
758,2003,journalist,5/29/03,Media,David Halberstam
759,2003,commentator,5/5/03,Media,Chris Matthews
760,2003,author,5/6/03,Media,Caroline Kennedy
761,2003,television presenter,5/7/03,Media,Graham Norton
762,2003,actor,5/8/03,Acting,Paul Rudd
763,2003,Former U.S. Representative,6/10/03,Politician,Newt Gingrich
764,2003,Journalist,6/11/03,Media,Sidney Blumenthal
765,2003,Rapper,6/12/03,Musician,Ludacris
766,2003,actor,6/16/03,Acting,Harrison Ford
767,2003,writer,6/17/03,Media,Lewis Lapham
768,2003,singer-songwriter,6/18/03,Musician,Kelly Clarkson
769,2003,actor,6/19/03,Acting,Ron Livingston
770,2003,journalist,6/2/03,Media,Bill Hemmer
771,2003,stand-up comedian,6/3/03,Comedy,Eddie Izzard
772,2003,Former United States Secretary of State,6/4/03,Politician,Madeleine Albright
773,2003,Singer,6/5/03,Musician,Tyrese Gibson
774,2003,,6/8/03,,Looking Beyond The Show
775,2003,actor,6/9/03,Acting,Guy Pearce
776,2003,american television personality,7/10/03,Media,Carson Daly
777,2003,actress,7/14/03,Acting,Angelina Jolie
778,2003,former us senator,7/15/03,Politician,Gary Hart
779,2003,actor,7/16/03,Acting,Rowan Atkinson
780,2003,Comedian,7/17/03,Comedy,Martin Lawrence
781,2003,actress,7/21/03,Acting,Gabrielle Union
782,2003,actor,7/22/03,Acting,Scott Glenn
783,2003,author,7/23/03,Media,Dick Morris
784,2003,diplomat,7/24/03,Government,Joseph C. Wilson
785,2003,television producer,7/28/03,Media,Paul Teutul Sr. Paul Teutul Jr.
786,2003,designer,7/28/03,Media,Paul Teutul Sr. Paul Teutul Jr.
787,2003,journalist,7/29/03,Media,Brian Williams
788,2003,actress,7/30/03,Acting,Alyson Hannigan
789,2003,Broadcaster,7/31/03,Media,Soledad O'Brien
790,2003,Former White House Press Secretary,7/8/03,Political Aide,Tony Snow
791,2003,author,7/9/03,Media,Erica Jong
792,2003,actor,8/11/03,Acting,Samuel L. Jackson
793,2003,actress,8/12/03,Acting,Kim Cattrall
794,2003,actor,8/13/03,Acting,Paul Giamatti
795,2003,-,8/14/03,,"Again, A Look Back"
796,2003,columnist,8/18/03,Media,Jim Hightower
797,2003,actress,8/19/03,Acting,Cynthia Nixon
798,2003,Puzzle Creator,8/20/03,Media,Will Shortz
799,2003,former us representative,8/21/03,Politician,Dennis Kucinich
800,2003,actor,8/4/03,Acting,Denis Leary
801,2003,musician,8/5/03,Musician,John Popper
802,2003,actor,8/6/03,Acting,Robert Duvall
803,2003,television actress,8/7/03,Acting,Tracey Ullman
804,2003,,9/1/03,,"I'm a Correspondent, Please Don't Fire Me!"
805,2003,actress,9/10/03,Acting,Kate Beckinsale
806,2003,,9/11/03,,No Guest
807,2003,us senator,9/15/03,Politician,Sen. John Edwards
808,2003,actor,9/15/03,Acting,"Cuba Gooding, Jr."
809,2003,Former United States Secretary of State,9/16/03,Politician,Madeleine Albright
810,2003,actor,9/17/03,Acting,Charlie Sheen
811,2003,actress,9/18/03,Acting,Christina Ricci
812,2003,actor,9/23/03,Acting,Michael Caine
813,2003,actor,9/24/03,Acting,Ben Stiller
814,2003,columnist,9/25/03,Media,Jonah Goldberg
815,2003,actor,9/29/03,Acting,Jack Black
816,2003,former us representative,9/30/03,Politician,Joe Scarborough
817,2003,united states senator,9/9/03,Politician,Al Franken
818,2004,Comedian,1/12/04,Comedy,Richard Lewis
819,2004,scientist,1/13/04,Science,Catherine Weitz
820,2004,former us senator,1/14/04,Politician,Carol Moseley-Braun
821,2004,vice president,1/15/04,Politician,Joe Biden
822,2004,actor,1/19/04,Acting,Philip Seymour Hoffman
823,2004,comedian,1/20/04,Comedy,Jeff Garlin
824,2004,us senator,1/21/04,Politician,Sen. John McCain
825,2004,actress,1/22/04,Acting,Erika Christensen
826,2004,writer,1/26/04,Media,Ken Auletta
827,2004,Political Scientist,1/27/04,Consultant,Richard Perle
828,2004,former governor of new jersey,1/28/04,Politician,Christine Todd Whitman
829,2004,actor,1/29/04,Acting,Kelsey Grammer
830,2004,Journalist,1/6/04,Media,Tom Brokaw
831,2004,actor,1/7/04,Acting,Elijah Wood
832,2004,actress,1/8/04,Acting,Charlize Theron
833,2004,us representative,10/18/04,Politician,Ed Koch
834,2004,actress,10/19/04,Acting,Marisa Tomei
835,2004,journalist,10/20/04,Media,Fareed Zakaria
836,2004,actor,10/21/04,Acting,Billy Crudup
837,2004,Former United States Secretary of State,10/25/04,Politician,Madeleine Albright
838,2004,former governor of nebraska,10/26/04,Politician,Bob Kerrey
839,2004,civil rights activist,10/27/04,Advocacy,Jesse Jackson
840,2004,author,10/28/04,Media,John Zogby
841,2004,social activist,10/4/04,Advocacy,Bishop Desmond Tutu
842,2004,actor,10/5/04,Acting,Billy Bob Thornton
843,2004,journalist,10/6/04,Media,Bob Schieffer
844,2004,television host,10/7/04,Media,Bill O'Reilly
845,2004,television host,11/1/04,Media,Chris Wallace
846,2004,Author,11/10/04,Media,Tom Wolfe
847,2004,analyst,11/11/04,Consultant,Kenneth Pollack
848,2004,former us senator,11/15/04,Politician,Kay Bailey Hutchison
849,2004,Journalist,11/16/04,Media,Tom Brokaw
850,2004,Historian,11/17/04,Academic,Thomas Frank
851,2004,actor,11/18/04,Acting,Woody Harrelson
852,2004,former govrnor of masssachusetts,11/2/04,Politician,William Weld & Al Sharpton
853,2004,minister,11/2/04,Clergy,William Weld & Al Sharpton
854,2004,actor,11/29/04,Acting,Jude Law
855,2004,us senator,11/3/04,Politician,Sen. Charles Schumer
856,2004,journalist,11/30/04,Media,Brian Williams
857,2004,Commentator,11/4/04,Media,William Kristol
858,2004,Businessman,11/9/04,Business,Richard Branson
859,2004,author,12/1/04,Media,Christopher Hitchens
860,2004,actor,12/13/04,Acting,Kevin Spacey
861,2004,diplomat,12/14/04,Government,Dore Gold
862,2004,comedian,12/15/04,Comedy,Billy Connolly
863,2004,journalist,12/16/04,Media,Katie Couric
864,2004,Author,12/2/04,Media,Stephen King
865,2004,actress,12/6/04,Acting,Isabella Rossellini
866,2004,Baseball player,12/7/04,Athletics,Paul O'Neill
867,2004,Writer,12/8/04,Media,Seth Mnookin
868,2004,actress,12/9/04,Acting,Kate Bosworth
869,2004,comedian,2/10/04,Comedy,Dave Chappelle
870,2004,actor,2/11/04,Acting,Paul Rudd
871,2004,actress,2/12/04,Acting,Drew Barrymore
872,2004,singer,2/2/04,Musician,Randy Jackson
873,2004,television Personality,2/23/04,Media,Tyra Banks
874,2004,writer,2/24/04,Media,John Podhoretz
875,2004,Singer-songwriter,2/25/04,Musician,Norah Jones
876,2004,actor,2/26/04,Acting,Samuel L. Jackson
877,2004,business magnate,2/3/04,Business,Donald Trump
878,2004,american politician,2/4/04,Politician,Bob Dole
879,2004,Film actor,2/5/04,Acting,Noah Wyle
880,2004,journalist,2/9/04,Media,Charles Lewis
881,2004,television actress,3/1/04,Acting,Edie Falco
882,2004,comedian,3/10/04,Comedy,George Carlin
883,2004,Journalist,3/11/04,Media,Paula Zahn
884,2004,us senator,3/15/04,Politician,Sen. Charles Schumer
885,2004,television personality,3/16/04,Media,John Stossel
886,2004,actor,3/17/04,Acting,Mekhi Phifer
887,2004,actor,3/18/04,Acting,Ethan Hawke
888,2004,Journalist,3/2/04,Media,Mark Ebner
889,2004,Trumpeter,3/22/04,Musician,Wynton Marsalis
890,2004,actor,3/23/04,Acting,Tom Hanks
891,2004,actor,3/24/04,Acting,Jamie Foxx
892,2004,united states senator,3/25/04,Politician,Al Franken
893,2004,actress,3/29/04,Acting,Jennifer Beals
894,2004,former mayor of new york,3/3/04,Politician,Rudolph Giuliani
895,2004,Adviser,3/30/04,Consultant,Richard A. Clarke
896,2004,public official,3/31/04,Government,Karen Hughes
897,2004,actor,3/4/04,Acting,Willem Dafoe
898,2004,actor,3/8/04,Acting,Val Kilmer
899,2004,political figure,3/9/04,Politician,Ed Gillespie
900,2004,stunt perfomrer,4/1/04,Acting,Johnny Knoxville
901,2004,Singer-songwriter,4/19/04,Musician,Melissa Etheridge
902,2004,actor,4/20/04,Acting,Mark Ruffalo
903,2004,television host,4/21/04,Media,John Gibson
904,2004,author,4/22/04,Media,Arianna Huffington
905,2004,former governor of nebraska,4/26/04,Politician,Bob Kerrey
906,2004,actress,4/27/04,Acting,Rebecca Romijn
907,2004,journalist,4/28/04,Media,Fareed Zakaria
908,2004,journalist,4/29/04,Media,Bob Woodward
909,2004,comedian,4/5/04,Comedy,Jerry Seinfeld
910,2004,actor,4/6/04,Acting,Matthew Perry and Bruce Willis
911,2004,actor,4/6/04,Acting,Matthew Perry and Bruce Willis
912,2004,actor,4/7/04,Acting,Tim Robbins
913,2004,actor,4/8/04,Acting,Jason Bateman
914,2004,us senator,5/10/04,Politician,Sen. John McCain
915,2004,journalist,5/11/04,Media,Tim Russert
916,2004,American Political figure,5/12/04,Politician,Ken Mehlman
917,2004,Commentator,5/13/04,Media,William Kristol
918,2004,film actress,5/3/04,Acting,Janeane Garofalo
919,2004,diplomat,5/4/04,Government,Joseph C. Wilson
920,2004,basketball player,5/5/04,Athletics,Kareem Abdul-Jabbar
921,2004,actor,5/6/04,Acting,Andy Richter
922,2004,stand-up comedian,6/1/04,Comedy,David Cross
923,2004,actress,6/10/04,Acting,Jennifer Love Hewitt
924,2004,actor,6/14/04,Acting,Stanley Tucci
925,2004,physician,6/15/04,Science,Hassan Ibrahim
926,2004,Former United States Secretary of Labor,6/16/04,Politician,Robert Reich
927,2004,television presenter,6/17/04,Media,Graham Norton
928,2004,journalist,6/2/04,Media,Thomas Friedman
929,2004,Columnist,6/21/04,Media,Stephen F. Hayes
930,2004,actress,6/22/04,Acting,Ashley Judd
931,2004,actor,6/23/04,Acting,Kevin Kline
932,2004,Filmmaker,6/24/04,Media,Michael Moore
933,2004,Governor of Virginia,6/28/04,Politician,Terry McAuliffe
934,2004,author,6/29/04,Media,Edward Conlon
935,2004,Former Governor of New York,6/3/04,Politician,Mario Cuomo
936,2004,journalist,6/30/04,Media,Calvin Trillin
937,2004,author,6/7/04,Media,Donna Brazile
938,2004,commentator,6/8/04,Media,David Brooks
939,2004,Documentary Filmmaker,6/9/04,Media,Morgan Spurlock
940,2004,Journalist,7/12/04,Media,Wolf Blitzer
941,2004,Journalist,7/13/04,Media,Michael Isikoff
942,2004,Author,7/14/04,Media,Sarah Vowell
943,2004,actor,7/15/04,Acting,Sacha Baron Cohen
944,2004,former governor of new mexico,7/27/04,Politician,Gov. Bill Richardson
945,2004,us senator,7/28/04,Politician,Sen. Joe Biden
946,2004,,7/29/04,,None
947,2004,,7/30/04,,None
948,2004,activist,7/6/04,Advocacy,Ralph Nader (show hosted by Stephen Colbert)
949,2004,actor,7/7/04,Acting,Will Ferrell
950,2004,actress,7/8/04,Acting,Christina Applegate
951,2004,Columnist,8/10/04,Media,Maureen Dowd
952,2004,actor,8/11/04,Acting,Tom Cruise
953,2004,author,8/12/04,Media,Bryan Keefer
954,2004,Former American senator,8/17/04,Politician,Norm Coleman
955,2004,actor,8/18/04,Acting,Burt Reynolds
956,2004,actor,8/19/04,Acting,Seth Green
957,2004,us representative,8/2/04,Politician,Rep. Henry Bonilla
958,2004,musician,8/23/04,Musician,Robert Smith
959,2004,secretary of state,8/24/04,Politician,John Kerry
960,2004,political figure,8/25/04,Politician,Ed Gillespie
961,2004,Film director,8/3/04,Media,Spike Lee
962,2004,0,8/30/04,,(None)
963,2004,Broadcaster,8/31/04,Media,Ted Koppel
964,2004,film actor,8/4/04,Acting,Aaron Eckhart
965,2004,actress,8/5/04,Acting,Natalie Portman
966,2004,us president,8/9/04,Politician,Bill Clinton
967,2004,assistant to the president for communications,9/1/04,Political Aide,Dan Bartlett
968,2004,actress,9/13/04,Acting,Drew Barrymore
969,2004,Former Assistant to the President for Communications,9/14/04,Political Aide,Pat Buchanan
970,2004,actor,9/15/04,Acting,Alec Baldwin
971,2004,actress,9/16/04,Acting,Gwyneth Paltrow
972,2004,us senator,9/2/04,Politician,Sen. John McCain
973,2004,adviser,9/21/04,Consultant,Richard Clarke
974,2004,former governor of montans,9/22/04,Politician,Gov. Marc Racicot
975,2004,actor,9/23/04,Acting,Matthew Broderick
976,2004,actress,9/27/04,Acting,Rosie Perez
977,2004,activist,9/28/04,Advocacy,Ralph Reed
978,2004,Journalist,9/29/04,Media,Seymour Hersh
979,2004,commentator,9/3/04,Media,Chris Matthews
980,2004,political figure,9/30/04,Politician,Wesley Clark
981,2004,former mayor of new york,9/30/04,Politician,Rudolph Giuliani
982,2005,lawyer,1/10/05,Misc,John Grisham
983,2005,actor,1/11/05,Acting,Samuel L. Jackson
984,2005,actor,1/12/05,Acting,Dennis Quaid
985,2005,actress,1/13/05,Acting,Annette Bening
986,2005,journalist,1/17/05,Media,Brian Ross
987,2005,writer,1/18/05,Media,Jim Wallis
988,2005,Historian,1/19/05,Academic,Michael Beschloss
989,2005,us senator,1/20/05,Politician,Sen. Joe Lieberman
990,2005,Political figure,1/24/05,Politician,Richard Viguerie
991,2005,Journalist,1/25/05,Media,Seymour Hersh
992,2005,actor,1/26/05,Acting,John Leguizamo
993,2005,former governor of new jersey,1/27/05,Politician,Christine Todd Whitman
994,2005,journalist,1/31/05,Media,Fareed Zakaria
995,2005,actor,1/4/05,Acting,Paul Giamatti
996,2005,actor,1/5/05,Acting,Don Cheadle
997,2005,historian,1/6/05,Academic,Howard Zinn
998,2005,singer-songwriter,10/17/05,Musician,Dolly Parton
999,2005,television host,10/18/05,Media,Bill O'Reilly
1000,2005,us assistant attorney,10/19/05,Government,Louis Freeh
